Building Group No,Name,Country,City Region,Postal Code
1,Rent Worth Condo Group,Canada,Toronto Downtown,M5V 1B7
2,Maple Grove Condo Group,Canada,Scarborough,M1P 2C4
3,Harbour Point Condo Group,Canada,North York,M2N 3D1
4,Cedar Heights Condo Group,Canada,Etobicoke,M9B 4E8
5,Urban Nest Apartment Group,Canada,Markham,L3R 5F5
6,Skyline Condo Group,Canada,Richmond Hill,L4C 6G2
7,Greenfield Apartment Group,Canada,Toronto Downtown,M5V 7H9
8,Parkview Apartment Group,Canada,Scarborough,M1P 8J6
9,Silver Birch Apartment Group,Canada,North York,M2N 9K3
10,Riverside Condo Group,Canada,Etobicoke,M9B 0L0
11,Metro Place Condo Group,Canada,Markham,L3R 1M7
12,Summit Ridge Apartment Group,Canada,Richmond Hill,L4C 2N4
13,Lakeside Housing Group,Canada,Toronto Downtown,M5V 3P1
14,Willow Court Apartment Group,Canada,Scarborough,M1P 4R8
15,Crescent Bay Apartment Group,Canada,North York,M2N 5S5
